<?xml version="1.0" encoding="UTF-8"?>
<project-private xmlns="http://www.netbeans.org/ns/project-private/1">
    <editor-bookmarks xmlns="http://www.netbeans.org/ns/editor-bookmarks/2" lastBookmarkId="0"/>
    <open-files xmlns="http://www.netbeans.org/ns/projectui-open-files/2">
        <group>
            <file>file:/home/bryan/NetBeansProjects/Konquest/src/konquest/backed/analizador/Sintax.java</file>
            <file>file:/home/bryan/NetBeansProjects/Konquest/src/konquest/Konquest.java</file>
            <file>file:/home/bryan/NetBeansProjects/Konquest/src/konquest/backed/analizador/partida/SintaxGuardarPartida.java</file>
            <file>file:/home/bryan/NetBeansProjects/Konquest/src/konquest/backed/manejadores/ManejadorSintactico.java</file>
            <file>file:/home/bryan/NetBeansProjects/Konquest/src/konquest/backed/analizador/Sintax.cup</file>
            <file>file:/home/bryan/NetBeansProjects/Konquest/src/konquest/GeneradorArchivos.java</file>
            <file>file:/home/bryan/NetBeansProjects/Konquest/src/konquest/gui/Principal.java</file>
        </group>
    </open-files>
</project-private>
